Names,Overs,Runs Conceded,Wickets,4 Wicket Hauls,Average,Strike Rate,Economy Rate
Kuldeep Yadav,271.2,1347,65,5,20.72307692,25.07556923,4.966814159
Yuzvendra Chahal,217.1,1095,45,3,24.33333333,28.99491111,5.043758637
Adil Rashid,238,1341,51,3,26.29411765,28.04666667,5.634453782
Lockie Ferguson,153,817,34,3,24.02941176,27.045,5.339869281
Pat Cummins,111.2,510,25,3,20.4,26.73248,4.586330935
Rashid Khan,213,831,53,3,15.67924528,24.15339623,3.901408451
Shadab Khan,174.1,820,28,3,29.28571429,37.36932143,4.709936818
Thisara Perera,130.8,794,31,3,25.61290323,25.35832258,6.070336391
